driver_id,name,pace_score,pace_band,projected_earnings,driver_message
DRV001,Alex Kumar,76.6,on_track,1682.045,"🟢 You're on track, Alex Kumar. You've earned ₹1423 of your ₹1400 goal (7.5 of 8.0 hours elapsed). Your current pace is ₹518/hr — ₹346 above the required ₹172/hr. At this pace you're projected to finish at ₹1682 — ₹282 above your goal."
DRV002,Priya Singh,42.6,at_risk_estimated,925.0,"🟠 You're at risk, Priya Singh. You've earned ₹925 of your ₹1200 goal (3.5 of 6.0 hours elapsed). Your current pace is ₹200/hr — ₹0 above the required ₹200/hr. At this pace you're projected to finish at ₹925 — ₹275 short of your goal. To close the gap, you need ₹110/hr over your remaining 2.5 hours. (Velocity estimated from goal data — no live log entry found.)"
DRV003,Rajesh Patel,38.4,at_risk_estimated,1148.0,"🟠 You're at risk, Rajesh Patel. You've earned ₹1148 of your ₹1750 goal (5.2 of 10.0 hours elapsed). Your current pace is ₹175/hr — ₹0 above the required ₹175/hr. At this pace you're projected to finish at ₹1148 — ₹602 short of your goal. To close the gap, you need ₹125/hr over your remaining 4.8 hours. (Velocity estimated from goal data — no live log entry found.)"
DRV004,Meera Sharma,81.2,ahead,9412.101,"✅ You're ahead of pace, Meera Sharma. You've earned ₹403 of your ₹1100 goal (2.3 of 7.0 hours elapsed). Your current pace is ₹1917/hr — ₹1726 above the required ₹191/hr. At this pace you're projected to finish at ₹9412 — ₹8312 above your goal. Note: 100% of your trips have been high-surge — this pace may be harder to sustain once surge drops."
DRV005,Vikram Reddy,68.7,on_track,1947.708,"🟢 You're on track, Vikram Reddy. You've earned ₹546 of your ₹1300 goal (2.8 of 7.0 hours elapsed). Your current pace is ₹334/hr — ₹153 above the required ₹181/hr. At this pace you're projected to finish at ₹1948 — ₹648 above your goal."
DRV006,Anjali Nair,29.1,off_track_estimated,633.0,"🔴 You're off track, Anjali Nair. You've earned ₹633 of your ₹1500 goal (2.5 of 6.0 hours elapsed). Your current pace is ₹250/hr — ₹0 above the required ₹250/hr. At this pace you're projected to finish at ₹633 — ₹867 short of your goal. To close the gap, you need ₹248/hr over your remaining 3.5 hours. (Velocity estimated from goal data — no live log entry found.)"
DRV007,Suresh Kumar,61.1,slightly_behind,1735.65,"🟡 You're slightly behind pace, Suresh Kumar. You've earned ₹245 of your ₹1200 goal (2.0 of 7.0 hours elapsed). Your current pace is ₹298/hr — ₹125 above the required ₹173/hr. At this pace you're projected to finish at ₹1736 — ₹536 above your goal. Note: 67% of your trips have been high-surge — this pace may be harder to sustain once surge drops."
DRV008,Divya Menon,79.7,on_track,5336.41,"🟢 You're on track, Divya Menon. You've earned ₹856 of your ₹1700 goal (4.5 of 10.0 hours elapsed). Your current pace is ₹815/hr — ₹650 above the required ₹165/hr. At this pace you're projected to finish at ₹5336 — ₹3636 above your goal."
DRV009,Karthik Iyer,47.4,slightly_behind,997.96,"🟡 You're slightly behind pace, Karthik Iyer. You've earned ₹384 of your ₹1100 goal (2.0 of 6.0 hours elapsed). Your current pace is ₹153/hr — ₹35 below the required ₹188/hr. At this pace you're projected to finish at ₹998 — ₹102 short of your goal."
DRV010,Sneha Reddy,74.8,on_track,3187.296,"🟢 You're on track, Sneha Reddy. You've earned ₹728 of your ₹1300 goal (4.2 of 7.0 hours elapsed). Your current pace is ₹878/hr — ₹706 above the required ₹172/hr. At this pace you're projected to finish at ₹3187 — ₹1887 above your goal."
DRV012,Rekha Driver12,98.2,ahead,16010.699999999997,"✅ You're ahead of pace, Rekha Driver12. You've earned ₹1530 of your ₹1719 goal (3.9 of 10.2 hours elapsed). Your current pace is ₹2311/hr — ₹2146 above the required ₹165/hr. At this pace you're projected to finish at ₹16011 — ₹14292 above your goal. Note: 100% of your trips have been high-surge — this pace may be harder to sustain once surge drops."
DRV013,Shweta Driver13,27.4,off_track,1072.7466666666667,"🔴 You're off track, Shweta Driver13. You've earned ₹1036 of your ₹1297 goal (6.5 of 7.2 hours elapsed). Your current pace is ₹55/hr — ₹147 below the required ₹202/hr. At this pace you're projected to finish at ₹1073 — ₹224 short of your goal. To close the gap, you need ₹391/hr over your remaining 0.7 hours."
DRV014,Ravi Driver14,25.5,off_track,1101.1833333333334,"🔴 You're off track, Ravi Driver14. You've earned ₹1099 of your ₹1309 goal (7.1 of 7.2 hours elapsed). Your current pace is ₹33/hr — ₹147 below the required ₹180/hr. At this pace you're projected to finish at ₹1101 — ₹208 short of your goal."
DRV015,Shweta Driver15,58.9,slightly_behind,3324.386666666666,"🟡 You're slightly behind pace, Shweta Driver15. You've earned ₹285 of your ₹1352 goal (5.5 of 8.2 hours elapsed). Your current pace is ₹1140/hr — ₹953 above the required ₹187/hr. At this pace you're projected to finish at ₹3324 — ₹1972 above your goal."
DRV016,Sandeep Driver16,85.3,ahead,3215.543333333333,"✅ You're ahead of pace, Sandeep Driver16. You've earned ₹1275 of your ₹1685 goal (5.7 of 10.2 hours elapsed). Your current pace is ₹434/hr — ₹257 above the required ₹177/hr. At this pace you're projected to finish at ₹3216 — ₹1531 above your goal."
DRV017,Naveen Driver17,5.6,off_track_estimated,286.0,"🔴 You're off track, Naveen Driver17. You've earned ₹286 of your ₹1567 goal (7.2 of 9.2 hours elapsed). Your current pace is ₹171/hr — ₹0 above the required ₹171/hr. At this pace you're projected to finish at ₹286 — ₹1281 short of your goal. To close the gap, you need ₹651/hr over your remaining 2.0 hours. (Velocity estimated from goal data — no live log entry found.)"
DRV018,Kavitha Driver18,43.2,at_risk,1491.0,"🟠 You're at risk, Kavitha Driver18. You've earned ₹1491 of your ₹1671 goal (7.8 of 6.2 hours elapsed). Your current pace is ₹317/hr — ₹128 above the required ₹189/hr. At this pace you're projected to finish at ₹1491 — ₹180 short of your goal."
DRV019,Amit Driver19,55.9,slightly_behind,1273.8276666666666,"🟡 You're slightly behind pace, Amit Driver19. You've earned ₹1065 of your ₹1392 goal (3.4 of 8.2 hours elapsed). Your current pace is ₹44/hr — ₹124 below the required ₹168/hr. At this pace you're projected to finish at ₹1274 — ₹118 short of your goal."
DRV020,Sandeep Driver20,91.5,ahead,2834.057333333333,"✅ You're ahead of pace, Sandeep Driver20. You've earned ₹1125 of your ₹1574 goal (2.1 of 6.2 hours elapsed). Your current pace is ₹420/hr — ₹218 above the required ₹202/hr. At this pace you're projected to finish at ₹2834 — ₹1260 above your goal. Note: 100% of your trips have been high-surge — this pace may be harder to sustain once surge drops."
DRV021,Manoj Driver21,75.8,on_track,2510.235333333333,"🟢 You're on track, Manoj Driver21. You've earned ₹1046 of your ₹1659 goal (3.6 of 10.2 hours elapsed). Your current pace is ₹223/hr — ₹52 above the required ₹171/hr. At this pace you're projected to finish at ₹2510 — ₹851 above your goal."
DRV022,Amit Driver22,32.4,at_risk,1080.3033333333333,"🟠 You're at risk, Amit Driver22. You've earned ₹863 of your ₹1565 goal (6.0 of 7.2 hours elapsed). Your current pace is ₹186/hr — ₹18 above the required ₹168/hr. At this pace you're projected to finish at ₹1080 — ₹485 short of your goal. To close the gap, you need ₹602/hr over your remaining 1.2 hours."
DRV023,Shweta Driver23,7.4,off_track_estimated,374.0,"🔴 You're off track, Shweta Driver23. You've earned ₹374 of your ₹1560 goal (4.9 of 6.2 hours elapsed). Your current pace is ₹253/hr — ₹0 above the required ₹253/hr. At this pace you're projected to finish at ₹374 — ₹1186 short of your goal. To close the gap, you need ₹936/hr over your remaining 1.3 hours. (Velocity estimated from goal data — no live log entry found.)"
DRV024,Manoj Driver24,35.1,at_risk,738.9533333333335,"🟠 You're at risk, Manoj Driver24. You've earned ₹289 of your ₹1487 goal (6.5 of 7.2 hours elapsed). Your current pace is ₹675/hr — ₹489 above the required ₹186/hr. At this pace you're projected to finish at ₹739 — ₹748 short of your goal. To close the gap, you need ₹1797/hr over your remaining 0.7 hours."
DRV025,Rekha Driver25,49.2,slightly_behind,1435.0033333333333,"🟡 You're slightly behind pace, Rekha Driver25. You've earned ₹305 of your ₹1283 goal (4.2 of 7.2 hours elapsed). Your current pace is ₹381/hr — ₹183 above the required ₹198/hr. At this pace you're projected to finish at ₹1435 — ₹152 above your goal. Note: 100% of your trips have been high-surge — this pace may be harder to sustain once surge drops."
DRV026,Priya Driver26,78.2,on_track,1868.8723333333332,"🟢 You're on track, Priya Driver26. You've earned ₹1183 of your ₹1220 goal (2.8 of 7.2 hours elapsed). Your current pace is ₹157/hr — ₹27 below the required ₹184/hr. At this pace you're projected to finish at ₹1869 — ₹649 above your goal. Note: 100% of your trips have been high-surge — this pace may be harder to sustain once surge drops."
DRV027,Ravi Driver27,4.7,off_track_estimated,211.0,"🔴 You're off track, Ravi Driver27. You've earned ₹211 of your ₹1610 goal (5.5 of 9.2 hours elapsed). Your current pace is ₹176/hr — ₹0 above the required ₹176/hr. At this pace you're projected to finish at ₹211 — ₹1399 short of your goal. To close the gap, you need ₹382/hr over your remaining 3.7 hours. (Velocity estimated from goal data — no live log entry found.)"
DRV028,Manoj Driver28,61.8,slightly_behind,4778.717999999999,"🟡 You're slightly behind pace, Manoj Driver28. You've earned ₹362 of your ₹1564 goal (5.4 of 9.2 hours elapsed). Your current pace is ₹1173/hr — ₹997 above the required ₹176/hr. At this pace you're projected to finish at ₹4779 — ₹3215 above your goal. Note: 100% of your trips have been high-surge — this pace may be harder to sustain once surge drops."
DRV029,Kavitha Driver29,92.3,ahead,3559.6919999999996,"✅ You're ahead of pace, Kavitha Driver29. You've earned ₹625 of your ₹1743 goal (1.8 of 10.2 hours elapsed). Your current pace is ₹351/hr — ₹178 above the required ₹173/hr. At this pace you're projected to finish at ₹3560 — ₹1817 above your goal."
DRV030,Lakshmi Driver30,64.9,slightly_behind,1383.8086666666666,"🟡 You're slightly behind pace, Lakshmi Driver30. You've earned ₹1058 of your ₹1133 goal (5.4 of 7.2 hours elapsed). Your current pace is ₹184/hr — ₹14 above the required ₹170/hr. At this pace you're projected to finish at ₹1384 — ₹251 above your goal."
DRV031,Lakshmi Driver31,48.5,slightly_behind,1246.9699999999998,"🟡 You're slightly behind pace, Lakshmi Driver31. You've earned ₹782 of your ₹1282 goal (5.5 of 9.2 hours elapsed). Your current pace is ₹127/hr — ₹55 below the required ₹182/hr. At this pace you're projected to finish at ₹1247 — ₹35 short of your goal. Note: 67% of your trips have been high-surge — this pace may be harder to sustain once surge drops."
DRV032,Amit Driver32,38.9,at_risk,1004.3236666666667,"🟠 You're at risk, Amit Driver32. You've earned ₹937 of your ₹1281 goal (7.6 of 10.2 hours elapsed). Your current pace is ₹26/hr — ₹171 below the required ₹197/hr. At this pace you're projected to finish at ₹1004 — ₹277 short of your goal. To close the gap, you need ₹134/hr over your remaining 2.6 hours."
DRV033,Amit Driver33,67.8,on_track,1573.4479999999999,"🟢 You're on track, Amit Driver33. You've earned ₹1063 of your ₹1169 goal (5.1 of 9.2 hours elapsed). Your current pace is ₹126/hr — ₹55 below the required ₹181/hr. At this pace you're projected to finish at ₹1573 — ₹404 above your goal. Note: 100% of your trips have been high-surge — this pace may be harder to sustain once surge drops."
DRV034,Priya Driver34,56.5,slightly_behind_estimated,1274.0,"🟡 You're slightly behind pace, Priya Driver34. You've earned ₹1274 of your ₹1437 goal (2.9 of 8.2 hours elapsed). Your current pace is ₹176/hr — ₹0 above the required ₹176/hr. At this pace you're projected to finish at ₹1274 — ₹163 short of your goal. Note: 100% of your trips have been high-surge — this pace may be harder to sustain once surge drops. (Velocity estimated from goal data — no live log entry found.)"
DRV035,Rekha Driver35,66.3,on_track,4965.376666666666,"🟢 You're on track, Rekha Driver35. You've earned ₹379 of your ₹1744 goal (4.6 of 10.2 hours elapsed). Your current pace is ₹824/hr — ₹657 above the required ₹167/hr. At this pace you're projected to finish at ₹4965 — ₹3221 above your goal."
DRV036,Kiran Driver36,48.3,slightly_behind_estimated,1377.0,"🟡 You're slightly behind pace, Kiran Driver36. You've earned ₹1377 of your ₹1424 goal (8.0 of 10.2 hours elapsed). Your current pace is ₹140/hr — ₹0 above the required ₹140/hr. At this pace you're projected to finish at ₹1377 — ₹47 short of your goal. (Velocity estimated from goal data — no live log entry found.)"
DRV037,Pooja Driver37,72.6,on_track,2396.4579999999996,"🟢 You're on track, Pooja Driver37. You've earned ₹1219 of your ₹1632 goal (4.7 of 9.2 hours elapsed). Your current pace is ₹264/hr — ₹72 above the required ₹192/hr. At this pace you're projected to finish at ₹2396 — ₹764 above your goal."
DRV038,Neha Driver38,9.2,off_track_estimated,249.0,"🔴 You're off track, Neha Driver38. You've earned ₹249 of your ₹1298 goal (4.5 of 8.2 hours elapsed). Your current pace is ₹159/hr — ₹0 above the required ₹159/hr. At this pace you're projected to finish at ₹249 — ₹1049 short of your goal. To close the gap, you need ₹286/hr over your remaining 3.7 hours. (Velocity estimated from goal data — no live log entry found.)"
DRV039,Pooja Driver39,85.6,ahead,6313.905666666667,"✅ You're ahead of pace, Pooja Driver39. You've earned ₹883 of your ₹1524 goal (3.8 of 9.2 hours elapsed). Your current pace is ₹1012/hr — ₹839 above the required ₹173/hr. At this pace you're projected to finish at ₹6314 — ₹4790 above your goal. Note: 67% of your trips have been high-surge — this pace may be harder to sustain once surge drops."
DRV040,Shweta Driver40,42.8,at_risk,1304.2766666666666,"🟠 You're at risk, Shweta Driver40. You've earned ₹338 of your ₹1388 goal (3.5 of 7.2 hours elapsed). Your current pace is ₹264/hr — ₹89 above the required ₹175/hr. At this pace you're projected to finish at ₹1304 — ₹84 short of your goal. To close the gap, you need ₹286/hr over your remaining 3.7 hours."
DRV041,Sanjay Driver41,54.7,slightly_behind,1469.162666666667,"🟡 You're slightly behind pace, Sanjay Driver41. You've earned ₹549 of your ₹1216 goal (4.1 of 6.2 hours elapsed). Your current pace is ₹445/hr — ₹254 above the required ₹191/hr. At this pace you're projected to finish at ₹1469 — ₹253 above your goal."
DRV042,Lakshmi Driver42,42.4,at_risk,892.0,"🟠 You're at risk, Lakshmi Driver42. You've earned ₹892 of your ₹1298 goal (7.5 of 6.2 hours elapsed). Your current pace is ₹605/hr — ₹437 above the required ₹168/hr. At this pace you're projected to finish at ₹892 — ₹406 short of your goal."
DRV043,Kiran Driver43,19.6,off_track_estimated,1143.0,"🔴 You're off track, Kiran Driver43. You've earned ₹1143 of your ₹1593 goal (7.3 of 7.2 hours elapsed). Your current pace is ₹222/hr — ₹0 above the required ₹222/hr. At this pace you're projected to finish at ₹1143 — ₹450 short of your goal. (Velocity estimated from goal data — no live log entry found.)"
DRV044,Kavitha Driver44,19.7,off_track_estimated,506.0,"🔴 You're off track, Kavitha Driver44. You've earned ₹506 of your ₹1157 goal (5.2 of 8.2 hours elapsed). Your current pace is ₹142/hr — ₹0 above the required ₹142/hr. At this pace you're projected to finish at ₹506 — ₹651 short of your goal. To close the gap, you need ₹219/hr over your remaining 3.0 hours. (Velocity estimated from goal data — no live log entry found.)"
DRV045,Pooja Driver45,42.7,at_risk,879.0,"🟠 You're at risk, Pooja Driver45. You've earned ₹879 of your ₹1313 goal (6.7 of 6.2 hours elapsed). Your current pace is ₹1169/hr — ₹998 above the required ₹171/hr. At this pace you're projected to finish at ₹879 — ₹434 short of your goal. Note: 100% of your trips have been high-surge — this pace may be harder to sustain once surge drops."
DRV046,Rahul Driver46,23.3,off_track_estimated,1294.0,"🔴 You're off track, Rahul Driver46. You've earned ₹1294 of your ₹1447 goal (7.0 of 6.2 hours elapsed). Your current pace is ₹235/hr — ₹0 above the required ₹235/hr. At this pace you're projected to finish at ₹1294 — ₹153 short of your goal. (Velocity estimated from goal data — no live log entry found.)"
DRV047,Priya Driver47,63.0,slightly_behind,1329.0,"🟡 You're slightly behind pace, Priya Driver47. You've earned ₹969 of your ₹1219 goal (3.5 of 10.2 hours elapsed). Your current pace is ₹54/hr — ₹130 below the required ₹184/hr. At this pace you're projected to finish at ₹1329 — ₹110 above your goal. Note: 100% of your trips have been high-surge — this pace may be harder to sustain once surge drops."
DRV048,Priya Driver48,25.6,off_track_estimated,443.0,"🔴 You're off track, Priya Driver48. You've earned ₹443 of your ₹1188 goal (3.9 of 9.2 hours elapsed). Your current pace is ₹130/hr — ₹0 above the required ₹130/hr. At this pace you're projected to finish at ₹443 — ₹745 short of your goal. To close the gap, you need ₹141/hr over your remaining 5.3 hours. (Velocity estimated from goal data — no live log entry found.)"
DRV049,Arun Driver49,34.2,at_risk,527.6120000000003,"🟠 You're at risk, Arun Driver49. You've earned ₹238 of your ₹1214 goal (6.6 of 7.2 hours elapsed). Your current pace is ₹511/hr — ₹313 above the required ₹198/hr. At this pace you're projected to finish at ₹528 — ₹686 short of your goal. To close the gap, you need ₹1722/hr over your remaining 0.6 hours. Note: 100% of your trips have been high-surge — this pace may be harder to sustain once surge drops."
DRV050,Sandeep Driver50,36.3,at_risk,1265.9833333333331,"🟠 You're at risk, Sandeep Driver50. You've earned ₹896 of your ₹1612 goal (7.5 of 9.2 hours elapsed). Your current pace is ₹222/hr — ₹49 above the required ₹173/hr. At this pace you're projected to finish at ₹1266 — ₹346 short of your goal. To close the gap, you need ₹430/hr over your remaining 1.7 hours. Note: 100% of your trips have been high-surge — this pace may be harder to sustain once surge drops."
DRV051,Naveen Driver51,9.7,off_track_estimated,401.0,"🔴 You're off track, Naveen Driver51. You've earned ₹401 of your ₹1246 goal (6.8 of 8.2 hours elapsed). Your current pace is ₹153/hr — ₹0 above the required ₹153/hr. At this pace you're projected to finish at ₹401 — ₹845 short of your goal. To close the gap, you need ₹618/hr over your remaining 1.4 hours. (Velocity estimated from goal data — no live log entry found.)"
DRV052,Vijay Driver52,86.8,ahead,2585.7546666666667,"✅ You're ahead of pace, Vijay Driver52. You've earned ₹1269 of your ₹1570 goal (2.3 of 6.2 hours elapsed). Your current pace is ₹341/hr — ₹138 above the required ₹203/hr. At this pace you're projected to finish at ₹2586 — ₹1016 above your goal. Note: 100% of your trips have been high-surge — this pace may be harder to sustain once surge drops."
DRV053,Deepa Driver53,41.7,at_risk,1240.337,"🟠 You're at risk, Deepa Driver53. You've earned ₹294 of your ₹1441 goal (2.2 of 5.2 hours elapsed). Your current pace is ₹319/hr — ₹144 above the required ₹175/hr. At this pace you're projected to finish at ₹1240 — ₹201 short of your goal. To close the gap, you need ₹387/hr over your remaining 3.0 hours."
DRV054,Amit Driver54,72.4,on_track,2390.968,"🟢 You're on track, Amit Driver54. You've earned ₹629 of your ₹1419 goal (3.6 of 10.2 hours elapsed). Your current pace is ₹268/hr — ₹80 above the required ₹188/hr. At this pace you're projected to finish at ₹2391 — ₹972 above your goal."
DRV055,Lakshmi Driver55,73.2,on_track,2262.273333333333,"🟢 You're on track, Lakshmi Driver55. You've earned ₹758 of your ₹1551 goal (2.5 of 8.2 hours elapsed). Your current pace is ₹265/hr — ₹96 above the required ₹169/hr. At this pace you're projected to finish at ₹2262 — ₹711 above your goal."
DRV056,Neha Driver56,60.5,slightly_behind,1619.1466666666665,"🟡 You're slightly behind pace, Neha Driver56. You've earned ₹1311 of your ₹1626 goal (3.8 of 10.2 hours elapsed). Your current pace is ₹48/hr — ₹135 below the required ₹183/hr. At this pace you're projected to finish at ₹1619 — ₹7 short of your goal."
DRV057,Rekha Driver57,65.3,on_track,3655.5799999999995,"🟢 You're on track, Rekha Driver57. You've earned ₹345 of your ₹1687 goal (3.5 of 8.2 hours elapsed). Your current pace is ₹709/hr — ₹526 above the required ₹183/hr. At this pace you're projected to finish at ₹3656 — ₹1969 above your goal."
DRV058,Sanjay Driver58,75.2,on_track,1683.12,"🟢 You're on track, Sanjay Driver58. You've earned ₹891 of your ₹1129 goal (1.8 of 7.2 hours elapsed). Your current pace is ₹148/hr — ₹30 below the required ₹178/hr. At this pace you're projected to finish at ₹1683 — ₹554 above your goal."
DRV059,Sandeep Driver59,47.8,slightly_behind_estimated,1113.0,"🟡 You're slightly behind pace, Sandeep Driver59. You've earned ₹1113 of your ₹1283 goal (5.5 of 9.2 hours elapsed). Your current pace is ₹140/hr — ₹0 above the required ₹140/hr. At this pace you're projected to finish at ₹1113 — ₹170 short of your goal. Note: 100% of your trips have been high-surge — this pace may be harder to sustain once surge drops. (Velocity estimated from goal data — no live log entry found.)"
DRV060,Priya Driver60,85.8,ahead,2315.22,"✅ You're ahead of pace, Priya Driver60. You've earned ₹973 of your ₹1180 goal (6.5 of 10.2 hours elapsed). Your current pace is ₹366/hr — ₹168 above the required ₹198/hr. At this pace you're projected to finish at ₹2315 — ₹1135 above your goal. Note: 75% of your trips have been high-surge — this pace may be harder to sustain once surge drops."
DRV061,Rekha Driver61,45.5,slightly_behind,1084.186,"🟡 You're slightly behind pace, Rekha Driver61. You've earned ₹900 of your ₹1199 goal (5.7 of 8.2 hours elapsed). Your current pace is ₹75/hr — ₹108 below the required ₹183/hr. At this pace you're projected to finish at ₹1084 — ₹115 short of your goal."
DRV062,Rahul Driver62,57.2,slightly_behind,1977.0933333333335,"🟡 You're slightly behind pace, Rahul Driver62. You've earned ₹944 of your ₹1731 goal (4.0 of 7.2 hours elapsed). Your current pace is ₹326/hr — ₹123 above the required ₹203/hr. At this pace you're projected to finish at ₹1977 — ₹246 above your goal."
DRV063,Naveen Driver63,7.3,off_track_estimated,333.0,"🔴 You're off track, Naveen Driver63. You've earned ₹333 of your ₹1564 goal (4.6 of 7.2 hours elapsed). Your current pace is ₹218/hr — ₹0 above the required ₹218/hr. At this pace you're projected to finish at ₹333 — ₹1231 short of your goal. To close the gap, you need ₹480/hr over your remaining 2.6 hours. (Velocity estimated from goal data — no live log entry found.)"
DRV064,Deepa Driver64,99.8,ahead,5914.152000000001,"✅ You're ahead of pace, Deepa Driver64. You've earned ₹1376 of your ₹1389 goal (2.3 of 6.2 hours elapsed). Your current pace is ₹1174/hr — ₹981 above the required ₹193/hr. At this pace you're projected to finish at ₹5914 — ₹4525 above your goal."
DRV065,Neha Driver65,28.2,off_track_estimated,818.0,"🔴 You're off track, Neha Driver65. You've earned ₹818 of your ₹1765 goal (5.0 of 10.2 hours elapsed). Your current pace is ₹174/hr — ₹0 above the required ₹174/hr. At this pace you're projected to finish at ₹818 — ₹947 short of your goal. To close the gap, you need ₹183/hr over your remaining 5.2 hours. (Velocity estimated from goal data — no live log entry found.)"
DRV066,Amit Driver66,56.2,slightly_behind_estimated,1187.0,"🟡 You're slightly behind pace, Amit Driver66. You've earned ₹1187 of your ₹1349 goal (4.0 of 10.2 hours elapsed). Your current pace is ₹133/hr — ₹0 above the required ₹133/hr. At this pace you're projected to finish at ₹1187 — ₹162 short of your goal. Note: your shift has had a high proportion of tiring trips — take a break if you can. Note: 100% of your trips have been high-surge — this pace may be harder to sustain once surge drops. (Velocity estimated from goal data — no live log entry found.)"
DRV067,Lakshmi Driver67,83.6,ahead,7020.668333333332,"✅ You're ahead of pace, Lakshmi Driver67. You've earned ₹1315 of your ₹1680 goal (6.0 of 9.2 hours elapsed). Your current pace is ₹1802/hr — ₹1621 above the required ₹181/hr. At this pace you're projected to finish at ₹7021 — ₹5341 above your goal."
DRV068,Deepa Driver68,92.9,ahead,3094.953333333333,"✅ You're ahead of pace, Deepa Driver68. You've earned ₹1420 of your ₹1598 goal (4.5 of 10.2 hours elapsed). Your current pace is ₹296/hr — ₹117 above the required ₹179/hr. At this pace you're projected to finish at ₹3095 — ₹1497 above your goal. Note: 100% of your trips have been high-surge — this pace may be harder to sustain once surge drops."
DRV069,Kavitha Driver69,8.9,off_track_estimated,422.0,"🔴 You're off track, Kavitha Driver69. You've earned ₹422 of your ₹1515 goal (6.0 of 8.2 hours elapsed). Your current pace is ₹186/hr — ₹0 above the required ₹186/hr. At this pace you're projected to finish at ₹422 — ₹1093 short of your goal. To close the gap, you need ₹504/hr over your remaining 2.2 hours. (Velocity estimated from goal data — no live log entry found.)"
DRV070,Vijay Driver70,18.3,off_track,342.0,"🔴 You're off track, Vijay Driver70. You've earned ₹342 of your ₹1192 goal (7.3 of 6.2 hours elapsed). Your current pace is ₹170/hr — ₹23 below the required ₹193/hr. At this pace you're projected to finish at ₹342 — ₹850 short of your goal. Note: 100% of your trips have been high-surge — this pace may be harder to sustain once surge drops."
DRV071,Pooja Driver71,51.6,slightly_behind,1620.9833333333336,"🟡 You're slightly behind pace, Pooja Driver71. You've earned ₹998 of your ₹1563 goal (5.5 of 7.2 hours elapsed). Your current pace is ₹374/hr — ₹199 above the required ₹175/hr. At this pace you're projected to finish at ₹1621 — ₹58 above your goal."
DRV072,Anita Driver72,39.1,at_risk,1005.8733333333332,"🟠 You're at risk, Anita Driver72. You've earned ₹823 of your ₹1406 goal (7.5 of 8.2 hours elapsed). Your current pace is ₹274/hr — ₹106 above the required ₹168/hr. At this pace you're projected to finish at ₹1006 — ₹400 short of your goal. To close the gap, you need ₹875/hr over your remaining 0.7 hours."
DRV073,Sanjay Driver73,51.5,slightly_behind,922.928,"🟡 You're slightly behind pace, Sanjay Driver73. You've earned ₹722 of your ₹1108 goal (4.1 of 10.2 hours elapsed). Your current pace is ₹33/hr — ₹147 below the required ₹180/hr. At this pace you're projected to finish at ₹923 — ₹185 short of your goal."
DRV074,Lakshmi Driver74,32.6,at_risk_estimated,773.0,"🟠 You're at risk, Lakshmi Driver74. You've earned ₹773 of your ₹1154 goal (6.8 of 10.2 hours elapsed). Your current pace is ₹114/hr — ₹0 above the required ₹114/hr. At this pace you're projected to finish at ₹773 — ₹381 short of your goal. To close the gap, you need ₹113/hr over your remaining 3.4 hours. Note: your shift has had a high proportion of tiring trips — take a break if you can. (Velocity estimated from goal data — no live log entry found.)"
DRV075,Rahul Driver75,19.9,off_track_estimated,1007.0,"🔴 You're off track, Rahul Driver75. You've earned ₹1007 of your ₹1340 goal (5.6 of 5.2 hours elapsed). Your current pace is ₹259/hr — ₹0 above the required ₹259/hr. At this pace you're projected to finish at ₹1007 — ₹333 short of your goal. Note: 100% of your trips have been high-surge — this pace may be harder to sustain once surge drops. (Velocity estimated from goal data — no live log entry found.)"
DRV076,Shweta Driver76,20.0,off_track_estimated,555.0,"🔴 You're off track, Shweta Driver76. You've earned ₹555 of your ₹1658 goal (4.6 of 9.2 hours elapsed). Your current pace is ₹181/hr — ₹0 above the required ₹181/hr. At this pace you're projected to finish at ₹555 — ₹1103 short of your goal. To close the gap, you need ₹242/hr over your remaining 4.6 hours. (Velocity estimated from goal data — no live log entry found.)"
DRV077,Amit Driver77,48.3,slightly_behind,1494.226666666667,"🟡 You're slightly behind pace, Amit Driver77. You've earned ₹457 of your ₹1527 goal (2.4 of 7.2 hours elapsed). Your current pace is ₹218/hr — ₹22 above the required ₹196/hr. At this pace you're projected to finish at ₹1494 — ₹33 short of your goal."
DRV078,Manoj Driver78,55.2,slightly_behind,1947.2306666666666,"🟡 You're slightly behind pace, Manoj Driver78. You've earned ₹478 of your ₹1773 goal (2.1 of 9.2 hours elapsed). Your current pace is ₹208/hr — ₹18 above the required ₹190/hr. At this pace you're projected to finish at ₹1947 — ₹174 above your goal."
DRV079,Kavitha Driver79,87.0,ahead,6561.784,"✅ You're ahead of pace, Kavitha Driver79. You've earned ₹1130 of your ₹1535 goal (4.8 of 9.2 hours elapsed). Your current pace is ₹1244/hr — ₹1078 above the required ₹166/hr. At this pace you're projected to finish at ₹6562 — ₹5027 above your goal."
DRV080,Rahul Driver80,39.4,at_risk,993.2880000000002,"🟠 You're at risk, Rahul Driver80. You've earned ₹215 of your ₹1290 goal (5.3 of 7.2 hours elapsed). Your current pace is ₹417/hr — ₹214 above the required ₹203/hr. At this pace you're projected to finish at ₹993 — ₹297 short of your goal. To close the gap, you need ₹576/hr over your remaining 1.9 hours."
DRV081,Anita Driver81,14.3,off_track,410.84199999999987,"🔴 You're off track, Anita Driver81. You've earned ₹268 of your ₹1659 goal (7.9 of 9.2 hours elapsed). Your current pace is ₹113/hr — ₹58 below the required ₹171/hr. At this pace you're projected to finish at ₹411 — ₹1248 short of your goal. To close the gap, you need ₹1098/hr over your remaining 1.3 hours."
DRV082,Anita Driver82,77.9,on_track,3298.256333333333,"🟢 You're on track, Anita Driver82. You've earned ₹363 of your ₹1593 goal (2.4 of 10.2 hours elapsed). Your current pace is ₹378/hr — ₹180 above the required ₹198/hr. At this pace you're projected to finish at ₹3298 — ₹1705 above your goal."
DRV083,Rahul Driver83,51.7,slightly_behind_estimated,824.0,"🟡 You're slightly behind pace, Rahul Driver83. You've earned ₹824 of your ₹1180 goal (2.1 of 10.2 hours elapsed). Your current pace is ₹116/hr — ₹0 above the required ₹116/hr. At this pace you're projected to finish at ₹824 — ₹356 short of your goal. (Velocity estimated from goal data — no live log entry found.)"
DRV084,Amit Driver84,57.4,slightly_behind,3303.995666666666,"🟡 You're slightly behind pace, Amit Driver84. You've earned ₹308 of your ₹1693 goal (7.4 of 10.2 hours elapsed). Your current pace is ₹1083/hr — ₹896 above the required ₹187/hr. At this pace you're projected to finish at ₹3304 — ₹1611 above your goal. Note: 100% of your trips have been high-surge — this pace may be harder to sustain once surge drops."
DRV085,Priya Driver85,48.1,slightly_behind,1324.2469999999998,"🟡 You're slightly behind pace, Priya Driver85. You've earned ₹878 of your ₹1580 goal (4.2 of 10.2 hours elapsed). Your current pace is ₹75/hr — ₹114 below the required ₹189/hr. At this pace you're projected to finish at ₹1324 — ₹256 short of your goal."
DRV086,Priya Driver86,71.7,on_track,2006.2193333333335,"🟢 You're on track, Priya Driver86. You've earned ₹1354 of your ₹1411 goal (3.2 of 10.2 hours elapsed). Your current pace is ₹94/hr — ₹108 below the required ₹202/hr. At this pace you're projected to finish at ₹2006 — ₹595 above your goal."
DRV087,Rekha Driver87,17.4,off_track_estimated,498.0,"🔴 You're off track, Rekha Driver87. You've earned ₹498 of your ₹1152 goal (6.8 of 10.2 hours elapsed). Your current pace is ₹113/hr — ₹0 above the required ₹113/hr. At this pace you're projected to finish at ₹498 — ₹654 short of your goal. To close the gap, you need ₹194/hr over your remaining 3.4 hours. Note: 100% of your trips have been high-surge — this pace may be harder to sustain once surge drops. (Velocity estimated from goal data — no live log entry found.)"
DRV088,Lakshmi Driver88,83.0,ahead,5751.444,"✅ You're ahead of pace, Lakshmi Driver88. You've earned ₹769 of your ₹1229 goal (3.1 of 6.2 hours elapsed). Your current pace is ₹1625/hr — ₹1427 above the required ₹198/hr. At this pace you're projected to finish at ₹5751 — ₹4522 above your goal. Note: 100% of your trips have been high-surge — this pace may be harder to sustain once surge drops."
DRV089,Kavita Driver89,83.7,ahead,1941.9479999999999,"✅ You're ahead of pace, Kavita Driver89. You've earned ₹818 of your ₹1114 goal (2.6 of 7.2 hours elapsed). Your current pace is ₹246/hr — ₹52 above the required ₹194/hr. At this pace you're projected to finish at ₹1942 — ₹828 above your goal."
DRV090,Anita Driver90,65.1,on_track,2771.085333333333,"🟢 You're on track, Anita Driver90. You've earned ₹735 of your ₹1478 goal (6.6 of 9.2 hours elapsed). Your current pace is ₹793/hr — ₹619 above the required ₹174/hr. At this pace you're projected to finish at ₹2771 — ₹1293 above your goal. Note: 100% of your trips have been high-surge — this pace may be harder to sustain once surge drops."
DRV091,Kavita Driver91,13.2,off_track,373.2343333333333,"🔴 You're off track, Kavita Driver91. You've earned ₹286 of your ₹1133 goal (7.8 of 9.2 hours elapsed). Your current pace is ₹64/hr — ₹111 below the required ₹175/hr. At this pace you're projected to finish at ₹373 — ₹760 short of your goal. To close the gap, you need ₹620/hr over your remaining 1.4 hours."
DRV092,Kavitha Driver92,52.9,slightly_behind,1576.3786666666665,"🟡 You're slightly behind pace, Kavitha Driver92. You've earned ₹1101 of your ₹1492 goal (6.2 of 9.2 hours elapsed). Your current pace is ₹160/hr — ₹41 below the required ₹201/hr. At this pace you're projected to finish at ₹1576 — ₹84 above your goal."
DRV093,Sandeep Driver93,35.9,at_risk_estimated,973.0,"🟠 You're at risk, Sandeep Driver93. You've earned ₹973 of your ₹1155 goal (6.8 of 8.2 hours elapsed). Your current pace is ₹141/hr — ₹0 above the required ₹141/hr. At this pace you're projected to finish at ₹973 — ₹182 short of your goal. To close the gap, you need ₹133/hr over your remaining 1.4 hours. (Velocity estimated from goal data — no live log entry found.)"
DRV094,Kavitha Driver94,57.5,slightly_behind_estimated,1290.0,"🟡 You're slightly behind pace, Kavitha Driver94. You've earned ₹1290 of your ₹1408 goal (3.0 of 9.2 hours elapsed). Your current pace is ₹154/hr — ₹0 above the required ₹154/hr. At this pace you're projected to finish at ₹1290 — ₹118 short of your goal. Note: your shift has had a high proportion of tiring trips — take a break if you can. (Velocity estimated from goal data — no live log entry found.)"
DRV095,Vijay Driver95,98.5,ahead,10991.482666666665,"✅ You're ahead of pace, Vijay Driver95. You've earned ₹1090 of your ₹1248 goal (1.6 of 8.2 hours elapsed). Your current pace is ₹1508/hr — ₹1343 above the required ₹165/hr. At this pace you're projected to finish at ₹10991 — ₹9743 above your goal."
DRV096,Rahul Driver96,77.6,on_track,2040.2086666666669,"🟢 You're on track, Rahul Driver96. You've earned ₹852 of your ₹1199 goal (3.8 of 6.2 hours elapsed). Your current pace is ₹502/hr — ₹303 above the required ₹199/hr. At this pace you're projected to finish at ₹2040 — ₹841 above your goal."
DRV097,Vijay Driver97,20.8,off_track_estimated,722.0,"🔴 You're off track, Vijay Driver97. You've earned ₹722 of your ₹1373 goal (5.8 of 8.2 hours elapsed). Your current pace is ₹168/hr — ₹0 above the required ₹168/hr. At this pace you're projected to finish at ₹722 — ₹651 short of your goal. To close the gap, you need ₹275/hr over your remaining 2.4 hours. Note: your shift has had a high proportion of tiring trips — take a break if you can. Note: 100% of your trips have been high-surge — this pace may be harder to sustain once surge drops. (Velocity estimated from goal data — no live log entry found.)"
DRV098,Lakshmi Driver98,84.9,ahead,4558.4,"✅ You're ahead of pace, Lakshmi Driver98. You've earned ₹568 of your ₹1299 goal (3.5 of 10.2 hours elapsed). Your current pace is ₹599/hr — ₹415 above the required ₹184/hr. At this pace you're projected to finish at ₹4558 — ₹3259 above your goal."
DRV099,Pooja Driver99,68.3,on_track,1443.3633333333332,"🟢 You're on track, Pooja Driver99. You've earned ₹737 of your ₹1112 goal (2.2 of 5.2 hours elapsed). Your current pace is ₹238/hr — ₹56 above the required ₹182/hr. At this pace you're projected to finish at ₹1443 — ₹331 above your goal. Note: 100% of your trips have been high-surge — this pace may be harder to sustain once surge drops."
DRV100,Deepa Driver100,58.4,slightly_behind,3260.613333333333,"🟡 You're slightly behind pace, Deepa Driver100. You've earned ₹248 of your ₹1357 goal (5.5 of 8.2 hours elapsed). Your current pace is ₹1130/hr — ₹962 above the required ₹168/hr. At this pace you're projected to finish at ₹3261 — ₹1904 above your goal."
DRV101,Arun Driver101,75.0,on_track,1779.2866666666669,"🟢 You're on track, Arun Driver101. You've earned ₹819 of your ₹1222 goal (2.3 of 6.2 hours elapsed). Your current pace is ₹248/hr — ₹55 above the required ₹193/hr. At this pace you're projected to finish at ₹1779 — ₹557 above your goal."
DRV102,Neha Driver102,61.0,slightly_behind,1841.2820000000002,"🟡 You're slightly behind pace, Neha Driver102. You've earned ₹459 of your ₹1213 goal (3.4 of 6.2 hours elapsed). Your current pace is ₹500/hr — ₹323 above the required ₹177/hr. At this pace you're projected to finish at ₹1841 — ₹628 above your goal."
DRV103,Amit Driver103,52.8,slightly_behind,1523.1243333333332,"🟡 You're slightly behind pace, Amit Driver103. You've earned ₹862 of your ₹1537 goal (3.2 of 7.2 hours elapsed). Your current pace is ₹167/hr — ₹5 below the required ₹171/hr. At this pace you're projected to finish at ₹1523 — ₹14 short of your goal."
DRV104,Vijay Driver104,23.2,off_track,872.9359999999999,"🔴 You're off track, Vijay Driver104. You've earned ₹728 of your ₹1440 goal (7.7 of 9.2 hours elapsed). Your current pace is ₹99/hr — ₹90 below the required ₹189/hr. At this pace you're projected to finish at ₹873 — ₹567 short of your goal. To close the gap, you need ₹485/hr over your remaining 1.5 hours. Note: your shift has had a high proportion of tiring trips — take a break if you can."
DRV105,Vijay Driver105,61.0,slightly_behind,1801.3866666666663,"🟡 You're slightly behind pace, Vijay Driver105. You've earned ₹565 of your ₹1305 goal (5.7 of 9.2 hours elapsed). Your current pace is ₹357/hr — ₹157 above the required ₹200/hr. At this pace you're projected to finish at ₹1801 — ₹496 above your goal."
DRV106,Pooja Driver106,9.6,off_track_estimated,417.0,"🔴 You're off track, Pooja Driver106. You've earned ₹417 of your ₹1323 goal (7.4 of 9.2 hours elapsed). Your current pace is ₹144/hr — ₹0 above the required ₹144/hr. At this pace you're projected to finish at ₹417 — ₹906 short of your goal. To close the gap, you need ₹513/hr over your remaining 1.8 hours. Note: 100% of your trips have been high-surge — this pace may be harder to sustain once surge drops. (Velocity estimated from goal data — no live log entry found.)"
DRV107,Priya Driver107,33.7,at_risk,456.0,"🟠 You're at risk, Priya Driver107. You've earned ₹456 of your ₹1172 goal (6.6 of 6.2 hours elapsed). Your current pace is ₹341/hr — ₹158 above the required ₹183/hr. At this pace you're projected to finish at ₹456 — ₹716 short of your goal."
DRV108,Naveen Driver108,77.2,on_track,2697.9600000000005,"🟢 You're on track, Naveen Driver108. You've earned ₹472 of your ₹1138 goal (2.5 of 6.2 hours elapsed). Your current pace is ₹607/hr — ₹435 above the required ₹172/hr. At this pace you're projected to finish at ₹2698 — ₹1560 above your goal."
DRV109,Naveen Driver109,65.6,on_track,2109.6516666666666,"🟢 You're on track, Naveen Driver109. You've earned ₹1027 of your ₹1602 goal (7.0 of 10.2 hours elapsed). Your current pace is ₹342/hr — ₹169 above the required ₹173/hr. At this pace you're projected to finish at ₹2110 — ₹508 above your goal."
DRV110,Kavita Driver110,33.6,at_risk_estimated,1296.0,"🟠 You're at risk, Kavita Driver110. You've earned ₹1296 of your ₹1593 goal (7.6 of 9.2 hours elapsed). Your current pace is ₹174/hr — ₹0 above the required ₹174/hr. At this pace you're projected to finish at ₹1296 — ₹297 short of your goal. To close the gap, you need ₹190/hr over your remaining 1.6 hours. (Velocity estimated from goal data — no live log entry found.)"
DRV111,Sandeep Driver111,56.2,slightly_behind_estimated,1525.0,"🟡 You're slightly behind pace, Sandeep Driver111. You've earned ₹1525 of your ₹1747 goal (2.1 of 6.2 hours elapsed). Your current pace is ₹283/hr — ₹0 above the required ₹283/hr. At this pace you're projected to finish at ₹1525 — ₹222 short of your goal. (Velocity estimated from goal data — no live log entry found.)"
DRV112,Pooja Driver112,18.1,off_track_estimated,561.0,"🔴 You're off track, Pooja Driver112. You've earned ₹561 of your ₹1396 goal (5.1 of 8.2 hours elapsed). Your current pace is ₹171/hr — ₹0 above the required ₹171/hr. At this pace you're projected to finish at ₹561 — ₹835 short of your goal. To close the gap, you need ₹272/hr over your remaining 3.1 hours. (Velocity estimated from goal data — no live log entry found.)"
DRV113,Deepa Driver113,73.1,on_track,2043.1886666666664,"🟢 You're on track, Deepa Driver113. You've earned ₹567 of your ₹1209 goal (4.7 of 9.2 hours elapsed). Your current pace is ₹330/hr — ₹165 above the required ₹165/hr. At this pace you're projected to finish at ₹2043 — ₹834 above your goal."
DRV114,Shweta Driver114,46.8,slightly_behind,1187.62,"🟡 You're slightly behind pace, Shweta Driver114. You've earned ₹688 of your ₹1297 goal (4.7 of 6.2 hours elapsed). Your current pace is ₹341/hr — ₹166 above the required ₹175/hr. At this pace you're projected to finish at ₹1188 — ₹109 short of your goal."
DRV115,Vijay Driver115,63.4,slightly_behind,2382.348,"🟡 You're slightly behind pace, Vijay Driver115. You've earned ₹233 of your ₹1560 goal (1.7 of 10.2 hours elapsed). Your current pace is ₹254/hr — ₹81 above the required ₹173/hr. At this pace you're projected to finish at ₹2382 — ₹822 above your goal."
DRV116,Deepa Driver116,90.0,ahead,3036.466666666667,"✅ You're ahead of pace, Deepa Driver116. You've earned ₹1271 of your ₹1316 goal (4.5 of 6.2 hours elapsed). Your current pace is ₹1059/hr — ₹880 above the required ₹179/hr. At this pace you're projected to finish at ₹3036 — ₹1720 above your goal."
DRV117,Lakshmi Driver117,30.9,at_risk,911.7239999999999,"🟠 You're at risk, Lakshmi Driver117. You've earned ₹275 of your ₹1338 goal (6.3 of 10.2 hours elapsed). Your current pace is ₹165/hr — ₹35 below the required ₹200/hr. At this pace you're projected to finish at ₹912 — ₹426 short of your goal. To close the gap, you need ₹275/hr over your remaining 3.9 hours."
DRV118,Anita Driver118,87.4,ahead,2501.525333333333,"✅ You're ahead of pace, Anita Driver118. You've earned ₹864 of your ₹1146 goal (2.3 of 10.2 hours elapsed). Your current pace is ₹208/hr — ₹27 above the required ₹181/hr. At this pace you're projected to finish at ₹2502 — ₹1356 above your goal."
DRV119,Lakshmi Driver119,8.7,off_track_estimated,374.0,"🔴 You're off track, Lakshmi Driver119. You've earned ₹374 of your ₹1199 goal (6.9 of 7.2 hours elapsed). Your current pace is ₹167/hr — ₹0 above the required ₹167/hr. At this pace you're projected to finish at ₹374 — ₹825 short of your goal. (Velocity estimated from goal data — no live log entry found.)"
DRV120,Amit Driver120,24.7,off_track_estimated,615.0,"🔴 You're off track, Amit Driver120. You've earned ₹615 of your ₹1730 goal (4.3 of 10.2 hours elapsed). Your current pace is ₹170/hr — ₹0 above the required ₹170/hr. At this pace you're projected to finish at ₹615 — ₹1115 short of your goal. To close the gap, you need ₹190/hr over your remaining 5.9 hours. (Velocity estimated from goal data — no live log entry found.)"
DRV121,Shweta Driver121,42.4,at_risk,1406.3346666666666,"🟠 You're at risk, Shweta Driver121. You've earned ₹481 of your ₹1800 goal (3.6 of 6.2 hours elapsed). Your current pace is ₹361/hr — ₹190 above the required ₹171/hr. At this pace you're projected to finish at ₹1406 — ₹394 short of your goal. To close the gap, you need ₹514/hr over your remaining 2.6 hours."
DRV122,Priya Driver122,9.1,off_track_estimated,344.0,"🔴 You're off track, Priya Driver122. You've earned ₹344 of your ₹1164 goal (6.4 of 8.2 hours elapsed). Your current pace is ₹143/hr — ₹0 above the required ₹143/hr. At this pace you're projected to finish at ₹344 — ₹820 short of your goal. To close the gap, you need ₹464/hr over your remaining 1.8 hours. (Velocity estimated from goal data — no live log entry found.)"
DRV123,Kiran Driver123,78.4,on_track,2394.996,"🟢 You're on track, Kiran Driver123. You've earned ₹1391 of your ₹1549 goal (1.8 of 7.2 hours elapsed). Your current pace is ₹187/hr — ₹14 below the required ₹201/hr. At this pace you're projected to finish at ₹2395 — ₹846 above your goal."
DRV124,Lakshmi Driver124,29.4,off_track_estimated,282.0,"🔴 You're off track, Lakshmi Driver124. You've earned ₹282 of your ₹1116 goal (1.5 of 7.2 hours elapsed). Your current pace is ₹156/hr — ₹0 above the required ₹156/hr. At this pace you're projected to finish at ₹282 — ₹834 short of your goal. To close the gap, you need ₹147/hr over your remaining 5.7 hours. (Velocity estimated from goal data — no live log entry found.)"
DRV125,Amit Driver125,51.6,slightly_behind,1533.5900000000001,"🟡 You're slightly behind pace, Amit Driver125. You've earned ₹1174 of your ₹1526 goal (6.0 of 7.2 hours elapsed). Your current pace is ₹308/hr — ₹141 above the required ₹167/hr. At this pace you're projected to finish at ₹1534 — ₹8 above your goal."
DRV126,Ravi Driver126,67.4,on_track,3101.336666666666,"🟢 You're on track, Ravi Driver126. You've earned ₹557 of your ₹1521 goal (5.5 of 9.2 hours elapsed). Your current pace is ₹694/hr — ₹521 above the required ₹173/hr. At this pace you're projected to finish at ₹3101 — ₹1580 above your goal. Note: 100% of your trips have been high-surge — this pace may be harder to sustain once surge drops."
DRV127,Kiran Driver127,57.7,slightly_behind,1905.2146666666665,"🟡 You're slightly behind pace, Kiran Driver127. You've earned ₹1484 of your ₹1726 goal (6.9 of 9.2 hours elapsed). Your current pace is ₹186/hr — ₹4 above the required ₹182/hr. At this pace you're projected to finish at ₹1905 — ₹179 above your goal."
DRV128,Vijay Driver128,68.1,on_track,1785.4316666666666,"🟢 You're on track, Vijay Driver128. You've earned ₹1285 of your ₹1341 goal (7.8 of 10.2 hours elapsed). Your current pace is ₹211/hr — ₹19 above the required ₹192/hr. At this pace you're projected to finish at ₹1785 — ₹444 above your goal. Note: your shift has had a high proportion of tiring trips — take a break if you can."
DRV129,Anita Driver129,59.5,slightly_behind_estimated,1550.0,"🟡 You're slightly behind pace, Anita Driver129. You've earned ₹1550 of your ₹1575 goal (2.9 of 7.2 hours elapsed). Your current pace is ₹220/hr — ₹0 above the required ₹220/hr. At this pace you're projected to finish at ₹1550 — ₹25 short of your goal. (Velocity estimated from goal data — no live log entry found.)"
DRV130,Kavitha Driver130,35.3,at_risk,630.1759999999999,"🟠 You're at risk, Kavitha Driver130. You've earned ₹527 of your ₹1585 goal (5.9 of 6.2 hours elapsed). Your current pace is ₹387/hr — ₹203 above the required ₹184/hr. At this pace you're projected to finish at ₹630 — ₹955 short of your goal."
DRV131,Rekha Driver131,38.7,at_risk_estimated,1463.0,"🟠 You're at risk, Rekha Driver131. You've earned ₹1463 of your ₹1545 goal (6.7 of 7.2 hours elapsed). Your current pace is ₹216/hr — ₹0 above the required ₹216/hr. At this pace you're projected to finish at ₹1463 — ₹82 short of your goal. (Velocity estimated from goal data — no live log entry found.)"
DRV132,Neha Driver132,20.3,off_track,514.6546666666667,"🔴 You're off track, Neha Driver132. You've earned ₹259 of your ₹1650 goal (4.7 of 6.2 hours elapsed). Your current pace is ₹174/hr — ₹7 above the required ₹167/hr. At this pace you're projected to finish at ₹515 — ₹1135 short of your goal. To close the gap, you need ₹948/hr over your remaining 1.5 hours."
DRV133,Sanjay Driver133,94.8,ahead,3946.238333333333,"✅ You're ahead of pace, Sanjay Driver133. You've earned ₹1058 of your ₹1706 goal (2.8 of 9.2 hours elapsed). Your current pace is ₹454/hr — ₹258 above the required ₹196/hr. At this pace you're projected to finish at ₹3946 — ₹2240 above your goal. Note: 67% of your trips have been high-surge — this pace may be harder to sustain once surge drops."
DRV134,Priya Driver134,15.4,off_track,685.0,"🔴 You're off track, Priya Driver134. You've earned ₹685 of your ₹1433 goal (6.3 of 6.2 hours elapsed). Your current pace is ₹33/hr — ₹141 below the required ₹174/hr. At this pace you're projected to finish at ₹685 — ₹748 short of your goal. Note: 100% of your trips have been high-surge — this pace may be harder to sustain once surge drops."
DRV135,Neha Driver135,95.3,ahead,14021.137666666666,"✅ You're ahead of pace, Neha Driver135. You've earned ₹1092 of your ₹1699 goal (2.4 of 9.2 hours elapsed). Your current pace is ₹1911/hr — ₹1719 above the required ₹192/hr. At this pace you're projected to finish at ₹14021 — ₹12322 above your goal. Note: 100% of your trips have been high-surge — this pace may be harder to sustain once surge drops."
DRV136,Sanjay Driver136,69.8,on_track,2632.674666666667,"🟢 You're on track, Sanjay Driver136. You've earned ₹597 of your ₹1239 goal (5.6 of 8.2 hours elapsed). Your current pace is ₹793/hr — ₹614 above the required ₹179/hr. At this pace you're projected to finish at ₹2633 — ₹1394 above your goal."
DRV137,Anita Driver137,39.5,at_risk,1309.2233333333334,"🟠 You're at risk, Anita Driver137. You've earned ₹479 of your ₹1682 goal (2.2 of 6.2 hours elapsed). Your current pace is ₹209/hr — ₹18 above the required ₹191/hr. At this pace you're projected to finish at ₹1309 — ₹373 short of your goal. To close the gap, you need ₹303/hr over your remaining 4.0 hours."
DRV138,Rahul Driver138,12.0,off_track_estimated,521.0,"🔴 You're off track, Rahul Driver138. You've earned ₹521 of your ₹1325 goal (6.6 of 8.2 hours elapsed). Your current pace is ₹162/hr — ₹0 above the required ₹162/hr. At this pace you're projected to finish at ₹521 — ₹804 short of your goal. To close the gap, you need ₹513/hr over your remaining 1.6 hours. Note: your shift has had a high proportion of tiring trips — take a break if you can. (Velocity estimated from goal data — no live log entry found.)"
DRV139,Lakshmi Driver139,99.3,ahead,6193.3573333333325,"✅ You're ahead of pace, Lakshmi Driver139. You've earned ₹1268 of your ₹1335 goal (4.7 of 10.2 hours elapsed). Your current pace is ₹901/hr — ₹732 above the required ₹169/hr. At this pace you're projected to finish at ₹6193 — ₹4858 above your goal."
DRV140,Sandeep Driver140,73.1,on_track,2259.4666666666662,"🟢 You're on track, Sandeep Driver140. You've earned ₹1076 of your ₹1385 goal (6.3 of 8.2 hours elapsed). Your current pace is ₹634/hr — ₹449 above the required ₹185/hr. At this pace you're projected to finish at ₹2259 — ₹874 above your goal."
DRV141,Arun Driver141,24.4,off_track,756.905,"🔴 You're off track, Arun Driver141. You've earned ₹505 of your ₹1327 goal (7.4 of 10.2 hours elapsed). Your current pace is ₹91/hr — ₹81 below the required ₹172/hr. At this pace you're projected to finish at ₹757 — ₹570 short of your goal. To close the gap, you need ₹297/hr over your remaining 2.8 hours."
DRV142,Kavitha Driver142,93.6,ahead,3615.2346666666663,"✅ You're ahead of pace, Kavitha Driver142. You've earned ₹1287 of your ₹1616 goal (4.1 of 9.2 hours elapsed). Your current pace is ₹460/hr — ₹280 above the required ₹180/hr. At this pace you're projected to finish at ₹3615 — ₹1999 above your goal."
DRV143,Rahul Driver143,5.4,off_track_estimated,212.0,"🔴 You're off track, Rahul Driver143. You've earned ₹212 of your ₹1185 goal (6.0 of 7.2 hours elapsed). Your current pace is ₹165/hr — ₹0 above the required ₹165/hr. At this pace you're projected to finish at ₹212 — ₹973 short of your goal. To close the gap, you need ₹834/hr over your remaining 1.2 hours. (Velocity estimated from goal data — no live log entry found.)"
DRV144,Deepa Driver144,85.3,ahead,3655.2656666666667,"✅ You're ahead of pace, Deepa Driver144. You've earned ₹385 of your ₹1344 goal (1.6 of 8.2 hours elapsed). Your current pace is ₹498/hr — ₹316 above the required ₹182/hr. At this pace you're projected to finish at ₹3655 — ₹2311 above your goal."
DRV145,Anita Driver145,24.2,off_track,610.9069999999999,"🔴 You're off track, Anita Driver145. You've earned ₹249 of your ₹1684 goal (7.8 of 9.2 hours elapsed). Your current pace is ₹265/hr — ₹66 above the required ₹199/hr. At this pace you're projected to finish at ₹611 — ₹1073 short of your goal. To close the gap, you need ₹1050/hr over your remaining 1.4 hours. Note: 100% of your trips have been high-surge — this pace may be harder to sustain once surge drops."
DRV146,Sanjay Driver146,97.9,ahead,25287.13333333333,"✅ You're ahead of pace, Sanjay Driver146. You've earned ₹1497 of your ₹1741 goal (1.5 of 8.2 hours elapsed). Your current pace is ₹3569/hr — ₹3392 above the required ₹177/hr. At this pace you're projected to finish at ₹25287 — ₹23546 above your goal. Note: 100% of your trips have been high-surge — this pace may be harder to sustain once surge drops."
DRV147,Manoj Driver147,39.6,at_risk,1274.124,"🟠 You're at risk, Manoj Driver147. You've earned ₹1072 of your ₹1643 goal (6.4 of 7.2 hours elapsed). Your current pace is ₹264/hr — ₹89 above the required ₹175/hr. At this pace you're projected to finish at ₹1274 — ₹369 short of your goal. To close the gap, you need ₹745/hr over your remaining 0.8 hours. Note: your shift has had a high proportion of tiring trips — take a break if you can. Note: 100% of your trips have been high-surge — this pace may be harder to sustain once surge drops."
DRV148,Kiran Driver148,45.2,slightly_behind,1076.3293333333336,"🟡 You're slightly behind pace, Kiran Driver148. You've earned ₹543 of your ₹1182 goal (6.3 of 7.2 hours elapsed). Your current pace is ₹615/hr — ₹426 above the required ₹189/hr. At this pace you're projected to finish at ₹1076 — ₹106 short of your goal. Note: 100% of your trips have been high-surge — this pace may be harder to sustain once surge drops."
DRV149,Manoj Driver149,39.9,at_risk,676.0,"🟠 You're at risk, Manoj Driver149. You've earned ₹676 of your ₹1213 goal (5.5 of 5.2 hours elapsed). Your current pace is ₹1772/hr — ₹1591 above the required ₹181/hr. At this pace you're projected to finish at ₹676 — ₹537 short of your goal. Note: your shift has had a high proportion of tiring trips — take a break if you can. Note: 100% of your trips have been high-surge — this pace may be harder to sustain once surge drops."
DRV150,Kavita Driver150,55.7,slightly_behind_estimated,992.0,"🟡 You're slightly behind pace, Kavita Driver150. You've earned ₹992 of your ₹1168 goal (2.8 of 10.2 hours elapsed). Your current pace is ₹115/hr — ₹0 above the required ₹115/hr. At this pace you're projected to finish at ₹992 — ₹176 short of your goal. Note: 100% of your trips have been high-surge — this pace may be harder to sustain once surge drops. (Velocity estimated from goal data — no live log entry found.)"
DRV151,Kavita Driver151,99.5,ahead,4675.450666666666,"✅ You're ahead of pace, Kavita Driver151. You've earned ₹1639 of your ₹1694 goal (2.9 of 9.2 hours elapsed). Your current pace is ₹485/hr — ₹303 above the required ₹182/hr. At this pace you're projected to finish at ₹4675 — ₹2981 above your goal."
DRV152,Vijay Driver152,45.3,slightly_behind_estimated,767.0,"🟡 You're slightly behind pace, Vijay Driver152. You've earned ₹767 of your ₹1615 goal (1.9 of 8.2 hours elapsed). Your current pace is ₹198/hr — ₹0 above the required ₹198/hr. At this pace you're projected to finish at ₹767 — ₹848 short of your goal. (Velocity estimated from goal data — no live log entry found.)"
DRV153,Anita Driver153,57.7,slightly_behind,1869.7626666666665,"🟡 You're slightly behind pace, Anita Driver153. You've earned ₹1162 of your ₹1639 goal (6.1 of 10.2 hours elapsed). Your current pace is ₹174/hr — ₹2 above the required ₹172/hr. At this pace you're projected to finish at ₹1870 — ₹231 above your goal."
DRV154,Kavitha Driver154,23.5,off_track_estimated,334.0,"🔴 You're off track, Kavitha Driver154. You've earned ₹334 of your ₹1476 goal (2.7 of 10.2 hours elapsed). Your current pace is ₹145/hr — ₹0 above the required ₹145/hr. At this pace you're projected to finish at ₹334 — ₹1142 short of your goal. To close the gap, you need ₹153/hr over your remaining 7.5 hours. (Velocity estimated from goal data — no live log entry found.)"
DRV155,Sanjay Driver155,70.8,on_track,2430.2853333333333,"🟢 You're on track, Sanjay Driver155. You've earned ₹357 of your ₹1395 goal (2.2 of 7.2 hours elapsed). Your current pace is ₹417/hr — ₹222 above the required ₹195/hr. At this pace you're projected to finish at ₹2430 — ₹1035 above your goal."
DRV156,Kiran Driver156,12.3,off_track_estimated,246.0,"🔴 You're off track, Kiran Driver156. You've earned ₹246 of your ₹1309 goal (3.4 of 7.2 hours elapsed). Your current pace is ₹183/hr — ₹0 above the required ₹183/hr. At this pace you're projected to finish at ₹246 — ₹1063 short of your goal. To close the gap, you need ₹282/hr over your remaining 3.8 hours. Note: 100% of your trips have been high-surge — this pace may be harder to sustain once surge drops. (Velocity estimated from goal data — no live log entry found.)"
DRV157,Kavita Driver157,94.8,ahead,3603.078,"✅ You're ahead of pace, Kavita Driver157. You've earned ₹1520 of your ₹1530 goal (1.6 of 8.2 hours elapsed). Your current pace is ₹317/hr — ₹117 above the required ₹200/hr. At this pace you're projected to finish at ₹3603 — ₹2073 above your goal."
DRV158,Lakshmi Driver158,29.6,off_track,1169.334,"🔴 You're off track, Lakshmi Driver158. You've earned ₹1043 of your ₹1632 goal (5.3 of 6.2 hours elapsed). Your current pace is ₹146/hr — ₹44 below the required ₹190/hr. At this pace you're projected to finish at ₹1169 — ₹463 short of your goal. To close the gap, you need ₹680/hr over your remaining 0.9 hours."
DRV159,Priya Driver159,48.1,slightly_behind_estimated,1323.0,"🟡 You're slightly behind pace, Priya Driver159. You've earned ₹1323 of your ₹1781 goal (4.4 of 10.2 hours elapsed). Your current pace is ₹175/hr — ₹0 above the required ₹175/hr. At this pace you're projected to finish at ₹1323 — ₹458 short of your goal. (Velocity estimated from goal data — no live log entry found.)"
DRV160,Priya Driver160,72.8,on_track,3100.3826666666673,"🟢 You're on track, Priya Driver160. You've earned ₹664 of your ₹1275 goal (4.6 of 7.2 hours elapsed). Your current pace is ₹949/hr — ₹756 above the required ₹193/hr. At this pace you're projected to finish at ₹3100 — ₹1825 above your goal."
DRV161,Rahul Driver161,55.7,slightly_behind,1620.8999999999999,"🟡 You're slightly behind pace, Rahul Driver161. You've earned ₹1466 of your ₹1566 goal (7.5 of 8.2 hours elapsed). Your current pace is ₹232/hr — ₹43 above the required ₹189/hr. At this pace you're projected to finish at ₹1621 — ₹55 above your goal. Note: 67% of your trips have been high-surge — this pace may be harder to sustain once surge drops."
DRV162,Manoj Driver162,43.8,at_risk,1611.75,"🟠 You're at risk, Manoj Driver162. You've earned ₹530 of your ₹1782 goal (3.0 of 7.2 hours elapsed). Your current pace is ₹260/hr — ₹85 above the required ₹175/hr. At this pace you're projected to finish at ₹1612 — ₹170 short of your goal. To close the gap, you need ₹300/hr over your remaining 4.2 hours."
DRV163,Pooja Driver163,55.4,slightly_behind,1665.7719999999997,"🟡 You're slightly behind pace, Pooja Driver163. You've earned ₹620 of your ₹1366 goal (5.2 of 9.2 hours elapsed). Your current pace is ₹264/hr — ₹64 above the required ₹200/hr. At this pace you're projected to finish at ₹1666 — ₹300 above your goal."
DRV164,Manoj Driver164,17.8,off_track,672.6166666666667,"🔴 You're off track, Manoj Driver164. You've earned ₹532 of your ₹1481 goal (5.0 of 7.2 hours elapsed). Your current pace is ₹65/hr — ₹112 below the required ₹177/hr. At this pace you're projected to finish at ₹673 — ₹808 short of your goal. To close the gap, you need ₹438/hr over your remaining 2.2 hours."
DRV165,Ravi Driver165,50.7,slightly_behind_estimated,855.0,"🟡 You're slightly behind pace, Ravi Driver165. You've earned ₹855 of your ₹1248 goal (2.5 of 8.2 hours elapsed). Your current pace is ₹153/hr — ₹0 above the required ₹153/hr. At this pace you're projected to finish at ₹855 — ₹393 short of your goal. Note: 100% of your trips have been high-surge — this pace may be harder to sustain once surge drops. (Velocity estimated from goal data — no live log entry found.)"
DRV166,Rahul Driver166,43.7,at_risk_estimated,1374.0,"🟠 You're at risk, Rahul Driver166. You've earned ₹1374 of your ₹1585 goal (5.8 of 8.2 hours elapsed). Your current pace is ₹194/hr — ₹0 above the required ₹194/hr. At this pace you're projected to finish at ₹1374 — ₹211 short of your goal. To close the gap, you need ₹89/hr over your remaining 2.4 hours. (Velocity estimated from goal data — no live log entry found.)"
DRV167,Kavita Driver167,34.0,at_risk,576.7786666666666,"🟠 You're at risk, Kavita Driver167. You've earned ₹485 of your ₹1590 goal (5.9 of 6.2 hours elapsed). Your current pace is ₹344/hr — ₹169 above the required ₹175/hr. At this pace you're projected to finish at ₹577 — ₹1013 short of your goal."
DRV168,Kavita Driver168,23.8,off_track_estimated,389.0,"🔴 You're off track, Kavita Driver168. You've earned ₹389 of your ₹1325 goal (3.6 of 10.2 hours elapsed). Your current pace is ₹130/hr — ₹0 above the required ₹130/hr. At this pace you're projected to finish at ₹389 — ₹936 short of your goal. To close the gap, you need ₹143/hr over your remaining 6.6 hours. (Velocity estimated from goal data — no live log entry found.)"
DRV169,Deepa Driver169,95.9,ahead,13781.406333333332,"✅ You're ahead of pace, Deepa Driver169. You've earned ₹769 of your ₹1327 goal (2.8 of 10.2 hours elapsed). Your current pace is ₹1766/hr — ₹1579 above the required ₹187/hr. At this pace you're projected to finish at ₹13781 — ₹12454 above your goal."
DRV170,Lakshmi Driver170,78.9,on_track,3020.3016666666667,"🟢 You're on track, Lakshmi Driver170. You've earned ₹1204 of your ₹1624 goal (3.6 of 6.2 hours elapsed). Your current pace is ₹708/hr — ₹542 above the required ₹166/hr. At this pace you're projected to finish at ₹3020 — ₹1396 above your goal."
DRV171,Shweta Driver171,40.8,at_risk_estimated,1075.0,"🟠 You're at risk, Shweta Driver171. You've earned ₹1075 of your ₹1507 goal (3.9 of 7.2 hours elapsed). Your current pace is ₹210/hr — ₹0 above the required ₹210/hr. At this pace you're projected to finish at ₹1075 — ₹432 short of your goal. To close the gap, you need ₹132/hr over your remaining 3.3 hours. (Velocity estimated from goal data — no live log entry found.)"
DRV172,Lakshmi Driver172,58.7,slightly_behind_estimated,1348.0,"🟡 You're slightly behind pace, Lakshmi Driver172. You've earned ₹1348 of your ₹1415 goal (2.1 of 8.2 hours elapsed). Your current pace is ₹173/hr — ₹0 above the required ₹173/hr. At this pace you're projected to finish at ₹1348 — ₹67 short of your goal. (Velocity estimated from goal data — no live log entry found.)"
DRV173,Shweta Driver173,63.7,slightly_behind,1687.716333333333,"🟡 You're slightly behind pace, Shweta Driver173. You've earned ₹1068 of your ₹1395 goal (6.2 of 8.2 hours elapsed). Your current pace is ₹315/hr — ₹139 above the required ₹176/hr. At this pace you're projected to finish at ₹1688 — ₹293 above your goal."
DRV174,Priya Driver174,48.3,slightly_behind,1172.0,"🟡 You're slightly behind pace, Priya Driver174. You've earned ₹1172 of your ₹1247 goal (7.9 of 6.2 hours elapsed). Your current pace is ₹611/hr — ₹433 above the required ₹178/hr. At this pace you're projected to finish at ₹1172 — ₹75 short of your goal. Note: 100% of your trips have been high-surge — this pace may be harder to sustain once surge drops."
DRV175,Kavita Driver175,67.5,on_track,2061.1519999999996,"🟢 You're on track, Kavita Driver175. You've earned ₹1038 of your ₹1484 goal (5.7 of 9.2 hours elapsed). Your current pace is ₹295/hr — ₹105 above the required ₹190/hr. At this pace you're projected to finish at ₹2061 — ₹577 above your goal."
DRV176,Deepa Driver176,77.1,on_track,6927.5233333333335,"🟢 You're on track, Deepa Driver176. You've earned ₹480 of your ₹1681 goal (2.8 of 9.2 hours elapsed). Your current pace is ₹1013/hr — ₹817 above the required ₹196/hr. At this pace you're projected to finish at ₹6928 — ₹5247 above your goal."
DRV177,Naveen Driver177,33.2,at_risk,1096.9266666666667,"🟠 You're at risk, Naveen Driver177. You've earned ₹822 of your ₹1409 goal (4.7 of 6.2 hours elapsed). Your current pace is ₹187/hr — ₹18 below the required ₹205/hr. At this pace you're projected to finish at ₹1097 — ₹312 short of your goal. To close the gap, you need ₹400/hr over your remaining 1.5 hours. Note: 100% of your trips have been high-surge — this pace may be harder to sustain once surge drops."
DRV178,Neha Driver178,57.8,slightly_behind_estimated,1167.0,"🟡 You're slightly behind pace, Neha Driver178. You've earned ₹1167 of your ₹1257 goal (2.3 of 6.2 hours elapsed). Your current pace is ₹204/hr — ₹0 above the required ₹204/hr. At this pace you're projected to finish at ₹1167 — ₹90 short of your goal. (Velocity estimated from goal data — no live log entry found.)"
DRV179,Naveen Driver179,8.2,off_track_estimated,444.0,"🔴 You're off track, Naveen Driver179. You've earned ₹444 of your ₹1760 goal (6.5 of 9.2 hours elapsed). Your current pace is ₹192/hr — ₹0 above the required ₹192/hr. At this pace you're projected to finish at ₹444 — ₹1316 short of your goal. To close the gap, you need ₹494/hr over your remaining 2.7 hours. Note: 100% of your trips have been high-surge — this pace may be harder to sustain once surge drops. (Velocity estimated from goal data — no live log entry found.)"
DRV180,Naveen Driver180,18.9,off_track_estimated,1093.0,"🔴 You're off track, Naveen Driver180. You've earned ₹1093 of your ₹1695 goal (7.1 of 8.2 hours elapsed). Your current pace is ₹208/hr — ₹0 above the required ₹208/hr. At this pace you're projected to finish at ₹1093 — ₹602 short of your goal. To close the gap, you need ₹564/hr over your remaining 1.1 hours. (Velocity estimated from goal data — no live log entry found.)"
DRV181,Amit Driver181,58.0,slightly_behind_estimated,1378.0,"🟡 You're slightly behind pace, Amit Driver181. You've earned ₹1378 of your ₹1482 goal (1.6 of 6.2 hours elapsed). Your current pace is ₹240/hr — ₹0 above the required ₹240/hr. At this pace you're projected to finish at ₹1378 — ₹104 short of your goal. (Velocity estimated from goal data — no live log entry found.)"
DRV182,Kavitha Driver182,50.3,slightly_behind,1559.8883333333333,"🟡 You're slightly behind pace, Kavitha Driver182. You've earned ₹477 of your ₹1427 goal (3.8 of 7.2 hours elapsed). Your current pace is ₹322/hr — ₹122 above the required ₹200/hr. At this pace you're projected to finish at ₹1560 — ₹133 above your goal. Note: 100% of your trips have been high-surge — this pace may be harder to sustain once surge drops."
DRV183,Naveen Driver183,29.5,off_track_estimated,742.0,"🔴 You're off track, Naveen Driver183. You've earned ₹742 of your ₹1149 goal (5.7 of 8.2 hours elapsed). Your current pace is ₹141/hr — ₹0 above the required ₹141/hr. At this pace you're projected to finish at ₹742 — ₹407 short of your goal. To close the gap, you need ₹165/hr over your remaining 2.5 hours. (Velocity estimated from goal data — no live log entry found.)"
DRV184,Ravi Driver184,10.2,off_track_estimated,371.0,"🔴 You're off track, Ravi Driver184. You've earned ₹371 of your ₹1196 goal (5.0 of 7.2 hours elapsed). Your current pace is ₹167/hr — ₹0 above the required ₹167/hr. At this pace you're projected to finish at ₹371 — ₹825 short of your goal. To close the gap, you need ₹381/hr over your remaining 2.2 hours. (Velocity estimated from goal data — no live log entry found.)"
DRV185,Amit Driver185,13.9,off_track_estimated,560.0,"🔴 You're off track, Amit Driver185. You've earned ₹560 of your ₹1198 goal (6.9 of 8.2 hours elapsed). Your current pace is ₹147/hr — ₹0 above the required ₹147/hr. At this pace you're projected to finish at ₹560 — ₹638 short of your goal. To close the gap, you need ₹504/hr over your remaining 1.3 hours. (Velocity estimated from goal data — no live log entry found.)"
DRV186,Arun Driver186,58.7,slightly_behind,1888.0896666666665,"🟡 You're slightly behind pace, Arun Driver186. You've earned ₹533 of your ₹1596 goal (2.2 of 8.2 hours elapsed). Your current pace is ₹227/hr — ₹35 above the required ₹192/hr. At this pace you're projected to finish at ₹1888 — ₹292 above your goal."
DRV187,Manoj Driver187,19.9,off_track_estimated,1276.0,"🔴 You're off track, Manoj Driver187. You've earned ₹1276 of your ₹1672 goal (7.0 of 6.2 hours elapsed). Your current pace is ₹271/hr — ₹0 above the required ₹271/hr. At this pace you're projected to finish at ₹1276 — ₹396 short of your goal. (Velocity estimated from goal data — no live log entry found.)"
DRV188,Sandeep Driver188,24.7,off_track,660.3166666666666,"🔴 You're off track, Sandeep Driver188. You've earned ₹334 of your ₹1178 goal (7.5 of 9.2 hours elapsed). Your current pace is ₹196/hr — ₹8 below the required ₹204/hr. At this pace you're projected to finish at ₹660 — ₹518 short of your goal. To close the gap, you need ₹506/hr over your remaining 1.7 hours."
DRV189,Naveen Driver189,87.6,ahead,2319.7226666666666,"✅ You're ahead of pace, Naveen Driver189. You've earned ₹900 of your ₹1242 goal (2.6 of 8.2 hours elapsed). Your current pace is ₹255/hr — ₹78 above the required ₹177/hr. At this pace you're projected to finish at ₹2320 — ₹1078 above your goal."
DRV190,Amit Driver190,84.1,ahead,2148.2560000000003,"✅ You're ahead of pace, Amit Driver190. You've earned ₹829 of your ₹1245 goal (2.3 of 7.2 hours elapsed). Your current pace is ₹271/hr — ₹79 above the required ₹192/hr. At this pace you're projected to finish at ₹2148 — ₹903 above your goal."
DRV191,Kiran Driver191,40.9,at_risk,695.0,"🟠 You're at risk, Kiran Driver191. You've earned ₹695 of your ₹1179 goal (6.4 of 6.2 hours elapsed). Your current pace is ₹821/hr — ₹616 above the required ₹205/hr. At this pace you're projected to finish at ₹695 — ₹484 short of your goal."
DRV192,Sanjay Driver192,36.7,at_risk,1260.9649999999997,"🟠 You're at risk, Sanjay Driver192. You've earned ₹443 of your ₹1707 goal (7.4 of 10.2 hours elapsed). Your current pace is ₹296/hr — ₹121 above the required ₹175/hr. At this pace you're projected to finish at ₹1261 — ₹446 short of your goal. To close the gap, you need ₹457/hr over your remaining 2.8 hours."
DRV193,Rekha Driver193,44.1,at_risk_estimated,1142.0,"🟠 You're at risk, Rekha Driver193. You've earned ₹1142 of your ₹1198 goal (5.4 of 6.2 hours elapsed). Your current pace is ₹194/hr — ₹0 above the required ₹194/hr. At this pace you're projected to finish at ₹1142 — ₹56 short of your goal. To close the gap, you need ₹73/hr over your remaining 0.8 hours. (Velocity estimated from goal data — no live log entry found.)"
DRV194,Rahul Driver194,46.6,slightly_behind_estimated,1066.0,"🟡 You're slightly behind pace, Rahul Driver194. You've earned ₹1066 of your ₹1129 goal (6.4 of 8.2 hours elapsed). Your current pace is ₹138/hr — ₹0 above the required ₹138/hr. At this pace you're projected to finish at ₹1066 — ₹63 short of your goal. (Velocity estimated from goal data — no live log entry found.)"
DRV195,Vijay Driver195,97.5,ahead,3192.2799999999997,"✅ You're ahead of pace, Vijay Driver195. You've earned ₹1455 of your ₹1612 goal (3.1 of 7.2 hours elapsed). Your current pace is ₹427/hr — ₹255 above the required ₹172/hr. At this pace you're projected to finish at ₹3192 — ₹1580 above your goal."
DRV196,Sandeep Driver196,94.5,ahead,2883.963333333333,"✅ You're ahead of pace, Sandeep Driver196. You've earned ₹932 of your ₹1114 goal (2.7 of 9.2 hours elapsed). Your current pace is ₹302/hr — ₹123 above the required ₹179/hr. At this pace you're projected to finish at ₹2884 — ₹1770 above your goal."
DRV197,Kavitha Driver197,80.1,ahead,1923.2640000000001,"✅ You're ahead of pace, Kavitha Driver197. You've earned ₹1172 of your ₹1319 goal (3.9 of 6.2 hours elapsed). Your current pace is ₹331/hr — ₹162 above the required ₹169/hr. At this pace you're projected to finish at ₹1923 — ₹604 above your goal. Note: 100% of your trips have been high-surge — this pace may be harder to sustain once surge drops."
DRV198,Vijay Driver198,37.1,at_risk_estimated,977.0,"🟠 You're at risk, Vijay Driver198. You've earned ₹977 of your ₹1285 goal (4.3 of 6.2 hours elapsed). Your current pace is ₹208/hr — ₹0 above the required ₹208/hr. At this pace you're projected to finish at ₹977 — ₹308 short of your goal. To close the gap, you need ₹165/hr over your remaining 1.9 hours. (Velocity estimated from goal data — no live log entry found.)"
DRV199,Sandeep Driver199,19.9,off_track_estimated,478.0,"🔴 You're off track, Sandeep Driver199. You've earned ₹478 of your ₹1226 goal (4.7 of 8.2 hours elapsed). Your current pace is ₹150/hr — ₹0 above the required ₹150/hr. At this pace you're projected to finish at ₹478 — ₹748 short of your goal. To close the gap, you need ₹216/hr over your remaining 3.5 hours. (Velocity estimated from goal data — no live log entry found.)"
DRV200,Sandeep Driver200,46.3,slightly_behind,1273.3483333333334,"🟡 You're slightly behind pace, Sandeep Driver200. You've earned ₹318 of your ₹1184 goal (4.0 of 6.2 hours elapsed). Your current pace is ₹441/hr — ₹268 above the required ₹173/hr. At this pace you're projected to finish at ₹1273 — ₹89 above your goal."
DRV011,Neha Driver11,35.4,at_risk,1078.1150000000002,"🟠 You're at risk, Neha Driver11. You've earned ₹443 of your ₹1540 goal (4.0 of 6.2 hours elapsed). Your current pace is ₹293/hr — ₹104 above the required ₹189/hr. At this pace you're projected to finish at ₹1078 — ₹462 short of your goal. To close the gap, you need ₹506/hr over your remaining 2.2 hours."
